{"browsers":{"70653926":{"id":"70653926","fullName":"Mozilla/5.0 (X11; Linux x86_64) AppleWebKit/537.36 (KHTML, like Gecko) HeadlessChrome/92.0.4515.107 Safari/537.36","name":"Chrome Headless 92.0.4515.107 (Linux x86_64)","state":"DISCONNECTED","lastResult":{"startTime":1627474408543,"total":69,"success":69,"failed":0,"skipped":0,"totalTime":551,"netTime":397,"error":false,"disconnected":false},"disconnectsCount":0,"noActivityTimeout":30000,"disconnectDelay":2000}},"result":{"70653926":[{"fullName":"UserService should logout the user","description":"should logout the user","id":"spec65","log":[],"skipped":false,"disabled":false,"pending":false,"success":true,"suite":["UserService"],"time":13,"executedExpectationsCount":3,"passedExpectations":[{"matcherName":"toHaveBeenCalledWith","message":"Passed.","stack":"","passed":true},{"matcherName":"toHaveBeenCalledWith","message":"Passed.","stack":"","passed":true},{"matcherName":"toHaveBeenCalled","message":"Passed.","stack":"","passed":true}],"properties":null},{"fullName":"UserService should register a user","description":"should register a user","id":"spec60","log":[],"skipped":false,"disabled":false,"pending":false,"success":true,"suite":["UserService"],"time":6,"executedExpectationsCount":2,"passedExpectations":[{"matcherName":"toEqual","message":"Passed.","stack":"","passed":true},{"matcherName":"toBe","message":"Passed.","stack":"","passed":true}],"properties":null},{"fullName":"UserService should retrieve no user if none stored","description":"should retrieve no user if none stored","id":"spec64","log":[],"skipped":false,"disabled":false,"pending":false,"success":true,"suite":["UserService"],"time":2,"executedExpectationsCount":1,"passedExpectations":[{"matcherName":"toHaveBeenCalled","message":"Passed.","stack":"","passed":true}],"properties":null},{"fullName":"UserService should retrieve a user if one is stored","description":"should retrieve a user if one is stored","id":"spec63","log":[],"skipped":false,"disabled":false,"pending":false,"success":true,"suite":["UserService"],"time":6,"executedExpectationsCount":2,"passedExpectations":[{"matcherName":"toHaveBeenCalledWith","message":"Passed.","stack":"","passed":true},{"matcherName":"toHaveBeenCalledWith","message":"Passed.","stack":"","passed":true}],"properties":null},{"fullName":"UserService should store the logged in user","description":"should store the logged in user","id":"spec62","log":[],"skipped":false,"disabled":false,"pending":false,"success":true,"suite":["UserService"],"time":5,"executedExpectationsCount":3,"passedExpectations":[{"matcherName":"toHaveBeenCalledWith","message":"Passed.","stack":"","passed":true},{"matcherName":"toHaveBeenCalledWith","message":"Passed.","stack":"","passed":true},{"matcherName":"toHaveBeenCalledWith","message":"Passed.","stack":"","passed":true}],"properties":null},{"fullName":"UserService should authenticate a user","description":"should authenticate a user","id":"spec61","log":[],"skipped":false,"disabled":false,"pending":false,"success":true,"suite":["UserService"],"time":5,"executedExpectationsCount":3,"passedExpectations":[{"matcherName":"toEqual","message":"Passed.","stack":"","passed":true},{"matcherName":"toBe","message":"Passed.","stack":"","passed":true},{"matcherName":"toHaveBeenCalledWith","message":"Passed.","stack":"","passed":true}],"properties":null},{"fullName":"LoginComponent should have a disabled button if the form is incomplete","description":"should have a disabled button if the form is incomplete","id":"spec25","log":[],"skipped":false,"disabled":false,"pending":false,"success":true,"suite":["LoginComponent"],"time":43,"executedExpectationsCount":2,"passedExpectations":[{"matcherName":"toBeNull","message":"Passed.","stack":"","passed":true},{"matcherName":"toBe","message":"Passed.","stack":"","passed":true}],"properties":null},{"fullName":"LoginComponent should have a title","description":"should have a title","id":"spec24","log":[],"skipped":false,"disabled":false,"pending":false,"success":true,"suite":["LoginComponent"],"time":8,"executedExpectationsCount":2,"passedExpectations":[{"matcherName":"toBeNull","message":"Passed.","stack":"","passed":true},{"matcherName":"toContain","message":"Passed.","stack":"","passed":true}],"properties":null},{"fullName":"LoginComponent should display a message if auth failed","description":"should display a message if auth failed","id":"spec30","log":[],"skipped":false,"disabled":false,"pending":false,"success":true,"suite":["LoginComponent"],"time":11,"executedExpectationsCount":2,"passedExpectations":[{"matcherName":"toBeNull","message":"Passed.","stack":"","passed":true},{"matcherName":"toContain","message":"Passed.","stack":"","passed":true}],"properties":null},{"fullName":"LoginComponent should display error messages if fields are dirty and invalid","description":"should display error messages if fields are dirty and invalid","id":"spec27","log":[],"skipped":false,"disabled":false,"pending":false,"success":true,"suite":["LoginComponent"],"time":9,"executedExpectationsCount":6,"passedExpectations":[{"matcherName":"toBeNull","message":"Passed.","stack":"","passed":true},{"matcherName":"toBeNull","message":"Passed.","stack":"","passed":true},{"matcherName":"toBe","message":"Passed.","stack":"","passed":true},{"matcherName":"toBeNull","message":"Passed.","stack":"","passed":true},{"matcherName":"toBeNull","message":"Passed.","stack":"","passed":true},{"matcherName":"toBe","message":"Passed.","stack":"","passed":true}],"properties":null},{"fullName":"LoginComponent should be possible to log in if the form is complete","description":"should be possible to log in if the form is complete","id":"spec26","log":[],"skipped":false,"disabled":false,"pending":false,"success":true,"suite":["LoginComponent"],"time":7,"executedExpectationsCount":3,"passedExpectations":[{"matcherName":"toBeNull","message":"Passed.","stack":"","passed":true},{"matcherName":"toBeNull","message":"Passed.","stack":"","passed":true},{"matcherName":"toBe","message":"Passed.","stack":"","passed":true}],"properties":null},{"fullName":"LoginComponent should call the user service and display a message if failed","description":"should call the user service and display a message if failed","id":"spec29","log":[],"skipped":false,"disabled":false,"pending":false,"success":true,"suite":["LoginComponent"],"time":5,"executedExpectationsCount":3,"passedExpectations":[{"matcherName":"toHaveBeenCalledWith","message":"Passed.","stack":"","passed":true},{"matcherName":"toHaveBeenCalled","message":"Passed.","stack":"","passed":true},{"matcherName":"toBe","message":"Passed.","stack":"","passed":true}],"properties":null},{"fullName":"LoginComponent should call the user service and redirect if success","description":"should call the user service and redirect if success","id":"spec28","log":[],"skipped":false,"disabled":false,"pending":false,"success":true,"suite":["LoginComponent"],"time":6,"executedExpectationsCount":3,"passedExpectations":[{"matcherName":"toHaveBeenCalledWith","message":"Passed.","stack":"","passed":true},{"matcherName":"toBe","message":"Passed.","stack":"","passed":true},{"matcherName":"toHaveBeenCalledWith","message":"Passed.","stack":"","passed":true}],"properties":null},{"fullName":"LoginComponent should have a credentials field","description":"should have a credentials field","id":"spec23","log":[],"skipped":false,"disabled":false,"pending":false,"success":true,"suite":["LoginComponent"],"time":5,"executedExpectationsCount":3,"passedExpectations":[{"matcherName":"toBeNull","message":"Passed.","stack":"","passed":true},{"matcherName":"toBe","message":"Passed.","stack":"","passed":true},{"matcherName":"toBe","message":"Passed.","stack":"","passed":true}],"properties":null},{"fullName":"RacesComponent should display every race name in a title","description":"should display every race name in a title","id":"spec50","log":[],"skipped":false,"disabled":false,"pending":false,"success":true,"suite":["RacesComponent"],"time":15,"executedExpectationsCount":9,"passedExpectations":[{"matcherName":"toHaveBeenCalled","message":"Passed.","stack":"","passed":true},{"matcherName":"toBeNull","message":"Passed.","stack":"","passed":true},{"matcherName":"toBe","message":"Passed.","stack":"","passed":true},{"matcherName":"toBe","message":"Passed.","stack":"","passed":true},{"matcherName":"toBe","message":"Passed.","stack":"","passed":true},{"matcherName":"toBe","message":"Passed.","stack":"","passed":true},{"matcherName":"toBe","message":"Passed.","stack":"","passed":true},{"matcherName":"toBe","message":"Passed.","stack":"","passed":true},{"matcherName":"toBe","message":"Passed.","stack":"","passed":true}],"properties":null},{"fullName":"RacesComponent should display a link to bet on a race","description":"should display a link to bet on a race","id":"spec51","log":[],"skipped":false,"disabled":false,"pending":false,"success":true,"suite":["RacesComponent"],"time":7,"executedExpectationsCount":5,"passedExpectations":[{"matcherName":"toBe","message":"Passed.","stack":"","passed":true},{"matcherName":"toContain","message":"Passed.","stack":"","passed":true},{"matcherName":"toContain","message":"Passed.","stack":"","passed":true},{"matcherName":"toContain","message":"Passed.","stack":"","passed":true},{"matcherName":"toContain","message":"Passed.","stack":"","passed":true}],"properties":null},{"fullName":"WsService should connect to a websocket channel","description":"should connect to a websocket channel","id":"spec66","log":[],"skipped":false,"disabled":false,"pending":false,"success":true,"suite":["WsService"],"time":3,"executedExpectationsCount":3,"passedExpectations":[{"matcherName":"toBe","message":"Passed.","stack":"","passed":true},{"matcherName":"toBe","message":"Passed.","stack":"","passed":true},{"matcherName":"toHaveBeenCalled","message":"Passed.","stack":"","passed":true}],"properties":null},{"fullName":"WsService should unsubscribe from the websocket connection on unsubscription","description":"should unsubscribe from the websocket connection on unsubscription","id":"spec68","log":[],"skipped":false,"disabled":false,"pending":false,"success":true,"suite":["WsService"],"time":1,"executedExpectationsCount":1,"passedExpectations":[{"matcherName":"toHaveBeenCalled","message":"Passed.","stack":"","passed":true}],"properties":null},{"fullName":"WsService should throw on error if the connection fails","description":"should throw on error if the connection fails","id":"spec67","log":[],"skipped":false,"disabled":false,"pending":false,"success":true,"suite":["WsService"],"time":2,"executedExpectationsCount":1,"passedExpectations":[{"matcherName":"toBe","message":"Passed.","stack":"","passed":true}],"properties":null},{"fullName":"PonyComponent should have method to get the image URL for a running pony","description":"should have method to get the image URL for a running pony","id":"spec43","log":[],"skipped":false,"disabled":false,"pending":false,"success":true,"suite":["PonyComponent"],"time":0,"executedExpectationsCount":1,"passedExpectations":[{"matcherName":"toBe","message":"Passed.","stack":"","passed":true}],"properties":null},{"fullName":"PonyComponent should have method to get the image URL","description":"should have method to get the image URL","id":"spec40","log":[],"skipped":false,"disabled":false,"pending":false,"success":true,"suite":["PonyComponent"],"time":1,"executedExpectationsCount":1,"passedExpectations":[{"matcherName":"toBe","message":"Passed.","stack":"","passed":true}],"properties":null},{"fullName":"PonyComponent should emit an event on click","description":"should emit an event on click","id":"spec42","log":[],"skipped":false,"disabled":false,"pending":false,"success":true,"suite":["PonyComponent"],"time":7,"executedExpectationsCount":4,"passedExpectations":[{"matcherName":"toBeNull","message":"Passed.","stack":"","passed":true},{"matcherName":"toBe","message":"Passed.","stack":"","passed":true},{"matcherName":"toBe","message":"Passed.","stack":"","passed":true},{"matcherName":"toBeTruthy","message":"Passed.","stack":"","passed":true}],"properties":null},{"fullName":"PonyComponent should display an image and a legend","description":"should display an image and a legend","id":"spec41","log":[],"skipped":false,"disabled":false,"pending":false,"success":true,"suite":["PonyComponent"],"time":3,"executedExpectationsCount":5,"passedExpectations":[{"matcherName":"toBeNull","message":"Passed.","stack":"","passed":true},{"matcherName":"toBe","message":"Passed.","stack":"","passed":true},{"matcherName":"toBe","message":"Passed.","stack":"","passed":true},{"matcherName":"toBeNull","message":"Passed.","stack":"","passed":true},{"matcherName":"toContain","message":"Passed.","stack":"","passed":true}],"properties":null},{"fullName":"LiveComponent should display the title","description":"should display the title","id":"spec19","log":[],"skipped":false,"disabled":false,"pending":false,"success":true,"suite":["LiveComponent"],"time":7,"executedExpectationsCount":2,"passedExpectations":[{"matcherName":"toBeNull","message":"Passed.","stack":"","passed":true},{"matcherName":"toContain","message":"Passed.","stack":"","passed":true}],"properties":null},{"fullName":"LiveComponent should unsubscribe on destruction","description":"should unsubscribe on destruction","id":"spec21","log":[],"skipped":false,"disabled":false,"pending":false,"success":true,"suite":["LiveComponent"],"time":4,"executedExpectationsCount":1,"passedExpectations":[{"matcherName":"toHaveBeenCalled","message":"Passed.","stack":"","passed":true}],"properties":null},{"fullName":"LiveComponent should subscribe to the live observable","description":"should subscribe to the live observable","id":"spec20","log":[],"skipped":false,"disabled":false,"pending":false,"success":true,"suite":["LiveComponent"],"time":2,"executedExpectationsCount":3,"passedExpectations":[{"matcherName":"toHaveBeenCalledWith","message":"Passed.","stack":"","passed":true},{"matcherName":"toBeNull","message":"Passed.","stack":"","passed":true},{"matcherName":"toBeNull","message":"Passed.","stack":"","passed":true}],"properties":null},{"fullName":"LiveComponent should display a div with a pony component per pony","description":"should display a div with a pony component per pony","id":"spec22","log":[],"skipped":false,"disabled":false,"pending":false,"success":true,"suite":["LiveComponent"],"time":5,"executedExpectationsCount":5,"passedExpectations":[{"matcherName":"toBe","message":"Passed.","stack":"","passed":true},{"matcherName":"toBeNull","message":"Passed.","stack":"","passed":true},{"matcherName":"toBe","message":"Passed.","stack":"","passed":true},{"matcherName":"toBeTruthy","message":"Passed.","stack":"","passed":true},{"matcherName":"toBe","message":"Passed.","stack":"","passed":true}],"properties":null},{"fullName":"FromNowPipe should transform the input","description":"should transform the input","id":"spec10","log":[],"skipped":false,"disabled":false,"pending":false,"success":true,"suite":["FromNowPipe"],"time":2,"executedExpectationsCount":1,"passedExpectations":[{"matcherName":"toBe","message":"Passed.","stack":"","passed":true}],"properties":null},{"fullName":"MenuComponent should display the user if logged","description":"should display the user if logged","id":"spec36","log":[],"skipped":false,"disabled":false,"pending":false,"success":true,"suite":["MenuComponent"],"time":12,"executedExpectationsCount":3,"passedExpectations":[{"matcherName":"toBeNull","message":"Passed.","stack":"","passed":true},{"matcherName":"toContain","message":"Passed.","stack":"","passed":true},{"matcherName":"toContain","message":"Passed.","stack":"","passed":true}],"properties":null},{"fullName":"MenuComponent should unsubscribe on destroy","description":"should unsubscribe on destroy","id":"spec37","log":[],"skipped":false,"disabled":false,"pending":false,"success":true,"suite":["MenuComponent"],"time":1,"executedExpectationsCount":1,"passedExpectations":[{"matcherName":"toHaveBeenCalled","message":"Passed.","stack":"","passed":true}],"properties":null},{"fullName":"MenuComponent should have a `navbarCollapsed` field","description":"should have a `navbarCollapsed` field","id":"spec31","log":[],"skipped":false,"disabled":false,"pending":false,"success":true,"suite":["MenuComponent"],"time":0,"executedExpectationsCount":1,"passedExpectations":[{"matcherName":"toBe","message":"Passed.","stack":"","passed":true}],"properties":null},{"fullName":"MenuComponent should toggle the class on click","description":"should toggle the class on click","id":"spec33","log":[],"skipped":false,"disabled":false,"pending":false,"success":true,"suite":["MenuComponent"],"time":4,"executedExpectationsCount":4,"passedExpectations":[{"matcherName":"toBeNull","message":"Passed.","stack":"","passed":true},{"matcherName":"toContain","message":"Passed.","stack":"","passed":true},{"matcherName":"toBeNull","message":"Passed.","stack":"","passed":true},{"matcherName":"toContain","message":"Passed.","stack":"","passed":true}],"properties":null},{"fullName":"MenuComponent should have a `toggleNavbar` method","description":"should have a `toggleNavbar` method","id":"spec32","log":[],"skipped":false,"disabled":false,"pending":false,"success":true,"suite":["MenuComponent"],"time":2,"executedExpectationsCount":3,"passedExpectations":[{"matcherName":"toBeNull","message":"Passed.","stack":"","passed":true},{"matcherName":"toBe","message":"Passed.","stack":"","passed":true},{"matcherName":"toBe","message":"Passed.","stack":"","passed":true}],"properties":null},{"fullName":"MenuComponent should stop the click event propagation","description":"should stop the click event propagation","id":"spec39","log":[],"skipped":false,"disabled":false,"pending":false,"success":true,"suite":["MenuComponent"],"time":0,"executedExpectationsCount":3,"passedExpectations":[{"matcherName":"toHaveBeenCalled","message":"Passed.","stack":"","passed":true},{"matcherName":"toHaveBeenCalled","message":"Passed.","stack":"","passed":true},{"matcherName":"toHaveBeenCalledWith","message":"Passed.","stack":"","passed":true}],"properties":null},{"fullName":"MenuComponent should display a logout button","description":"should display a logout button","id":"spec38","log":[],"skipped":false,"disabled":false,"pending":false,"success":true,"suite":["MenuComponent"],"time":5,"executedExpectationsCount":2,"passedExpectations":[{"matcherName":"toBeNull","message":"Passed.","stack":"","passed":true},{"matcherName":"toHaveBeenCalled","message":"Passed.","stack":"","passed":true}],"properties":null},{"fullName":"MenuComponent should use routerLink to navigate","description":"should use routerLink to navigate","id":"spec34","log":[],"skipped":false,"disabled":false,"pending":false,"success":true,"suite":["MenuComponent"],"time":5,"executedExpectationsCount":2,"passedExpectations":[{"matcherName":"toBe","message":"Passed.","stack":"","passed":true},{"matcherName":"toBe","message":"Passed.","stack":"","passed":true}],"properties":null},{"fullName":"MenuComponent should listen to userEvents in ngOnInit","description":"should listen to userEvents in ngOnInit","id":"spec35","log":[],"skipped":false,"disabled":false,"pending":false,"success":true,"suite":["MenuComponent"],"time":0,"executedExpectationsCount":1,"passedExpectations":[{"matcherName":"toBe","message":"Passed.","stack":"","passed":true}],"properties":null},{"fullName":"JwtInterceptor should do nothing if no jwt token","description":"should do nothing if no jwt token","id":"spec16","log":[],"skipped":false,"disabled":false,"pending":false,"success":true,"suite":["JwtInterceptor"],"time":0,"executedExpectationsCount":1,"passedExpectations":[{"matcherName":"toBeNull","message":"Passed.","stack":"","passed":true}],"properties":null},{"fullName":"JwtInterceptor should set a jwt token","description":"should set a jwt token","id":"spec17","log":[],"skipped":false,"disabled":false,"pending":false,"success":true,"suite":["JwtInterceptor"],"time":1,"executedExpectationsCount":1,"passedExpectations":[{"matcherName":"toBe","message":"Passed.","stack":"","passed":true}],"properties":null},{"fullName":"JwtInterceptor should remove a jwt token","description":"should remove a jwt token","id":"spec18","log":[],"skipped":false,"disabled":false,"pending":false,"success":true,"suite":["JwtInterceptor"],"time":0,"executedExpectationsCount":1,"passedExpectations":[{"matcherName":"toBeNull","message":"Passed.","stack":"","passed":true}],"properties":null},{"fullName":"BetComponent should display a link to go to live","description":"should display a link to go to live","id":"spec9","log":[],"skipped":false,"disabled":false,"pending":false,"success":true,"suite":["BetComponent"],"time":30,"executedExpectationsCount":2,"passedExpectations":[{"matcherName":"toBeNull","message":"Passed.","stack":"","passed":true},{"matcherName":"toContain","message":"Passed.","stack":"","passed":true}],"properties":null},{"fullName":"BetComponent should trigger a bet when a pony is clicked","description":"should trigger a bet when a pony is clicked","id":"spec3","log":[],"skipped":false,"disabled":false,"pending":false,"success":true,"suite":["BetComponent"],"time":8,"executedExpectationsCount":2,"passedExpectations":[{"matcherName":"toHaveBeenCalledWith","message":"Passed.","stack":"","passed":true},{"matcherName":"toBe","message":"Passed.","stack":"","passed":true}],"properties":null},{"fullName":"BetComponent should display a race name, its date and its ponies","description":"should display a race name, its date and its ponies","id":"spec2","log":[],"skipped":false,"disabled":false,"pending":false,"success":true,"suite":["BetComponent"],"time":7,"executedExpectationsCount":6,"passedExpectations":[{"matcherName":"toBeNull","message":"Passed.","stack":"","passed":true},{"matcherName":"toBe","message":"Passed.","stack":"","passed":true},{"matcherName":"toBeNull","message":"Passed.","stack":"","passed":true},{"matcherName":"toContain","message":"Passed.","stack":"","passed":true},{"matcherName":"toBeNull","message":"Passed.","stack":"","passed":true},{"matcherName":"toBe","message":"Passed.","stack":"","passed":true}],"properties":null},{"fullName":"BetComponent should display an error message if bet failed","description":"should display an error message if bet failed","id":"spec6","log":[],"skipped":false,"disabled":false,"pending":false,"success":true,"suite":["BetComponent"],"time":5,"executedExpectationsCount":3,"passedExpectations":[{"matcherName":"toBe","message":"Passed.","stack":"","passed":true},{"matcherName":"toBe","message":"Passed.","stack":"","passed":true},{"matcherName":"toContain","message":"Passed.","stack":"","passed":true}],"properties":null},{"fullName":"BetComponent should test if the pony is the one we bet on","description":"should test if the pony is the one we bet on","id":"spec4","log":[],"skipped":false,"disabled":false,"pending":false,"success":true,"suite":["BetComponent"],"time":2,"executedExpectationsCount":1,"passedExpectations":[{"matcherName":"toBe","message":"Passed.","stack":"","passed":true}],"properties":null},{"fullName":"BetComponent should cancel a bet","description":"should cancel a bet","id":"spec7","log":[],"skipped":false,"disabled":false,"pending":false,"success":true,"suite":["BetComponent"],"time":2,"executedExpectationsCount":2,"passedExpectations":[{"matcherName":"toHaveBeenCalledWith","message":"Passed.","stack":"","passed":true},{"matcherName":"toBeFalsy","message":"Passed.","stack":"","passed":true}],"properties":null},{"fullName":"BetComponent should initialize the race with ngOnInit","description":"should initialize the race with ngOnInit","id":"spec5","log":[],"skipped":false,"disabled":false,"pending":false,"success":true,"suite":["BetComponent"],"time":3,"executedExpectationsCount":2,"passedExpectations":[{"matcherName":"toBe","message":"Passed.","stack":"","passed":true},{"matcherName":"toHaveBeenCalledWith","message":"Passed.","stack":"","passed":true}],"properties":null},{"fullName":"BetComponent should display a message if canceling a bet fails","description":"should display a message if canceling a bet fails","id":"spec8","log":[],"skipped":false,"disabled":false,"pending":false,"success":true,"suite":["BetComponent"],"time":3,"executedExpectationsCount":4,"passedExpectations":[{"matcherName":"toBe","message":"Passed.","stack":"","passed":true},{"matcherName":"toHaveBeenCalledWith","message":"Passed.","stack":"","passed":true},{"matcherName":"toBe","message":"Passed.","stack":"","passed":true},{"matcherName":"toBe","message":"Passed.","stack":"","passed":true}],"properties":null},{"fullName":"HomeComponent display the title and quote","description":"display the title and quote","id":"spec11","log":[],"skipped":false,"disabled":false,"pending":false,"success":true,"suite":["HomeComponent"],"time":6,"executedExpectationsCount":5,"passedExpectations":[{"matcherName":"toBeNull","message":"Passed.","stack":"","passed":true},{"matcherName":"toContain","message":"Passed.","stack":"","passed":true},{"matcherName":"toContain","message":"Passed.","stack":"","passed":true},{"matcherName":"toBeNull","message":"Passed.","stack":"","passed":true},{"matcherName":"toContain","message":"Passed.","stack":"","passed":true}],"properties":null},{"fullName":"HomeComponent should display only a link to go the races page if logged in","description":"should display only a link to go the races page if logged in","id":"spec15","log":[],"skipped":false,"disabled":false,"pending":false,"success":true,"suite":["HomeComponent"],"time":7,"executedExpectationsCount":2,"passedExpectations":[{"matcherName":"toBeNull","message":"Passed.","stack":"","passed":true},{"matcherName":"toContain","message":"Passed.","stack":"","passed":true}],"properties":null},{"fullName":"HomeComponent should unsubscribe on destroy","description":"should unsubscribe on destroy","id":"spec14","log":[],"skipped":false,"disabled":false,"pending":false,"success":true,"suite":["HomeComponent"],"time":2,"executedExpectationsCount":1,"passedExpectations":[{"matcherName":"toHaveBeenCalled","message":"Passed.","stack":"","passed":true}],"properties":null},{"fullName":"HomeComponent should listen to userEvents in ngOnInit","description":"should listen to userEvents in ngOnInit","id":"spec13","log":[],"skipped":false,"disabled":false,"pending":false,"success":true,"suite":["HomeComponent"],"time":0,"executedExpectationsCount":1,"passedExpectations":[{"matcherName":"toBe","message":"Passed.","stack":"","passed":true}],"properties":null},{"fullName":"HomeComponent display a link to go the login and another to register","description":"display a link to go the login and another to register","id":"spec12","log":[],"skipped":false,"disabled":false,"pending":false,"success":true,"suite":["HomeComponent"],"time":4,"executedExpectationsCount":4,"passedExpectations":[{"matcherName":"toBeNull","message":"Passed.","stack":"","passed":true},{"matcherName":"toContain","message":"Passed.","stack":"","passed":true},{"matcherName":"toBeNull","message":"Passed.","stack":"","passed":true},{"matcherName":"toContain","message":"Passed.","stack":"","passed":true}],"properties":null},{"fullName":"RegisterComponent should display an error message if registration fails","description":"should display an error message if registration fails","id":"spec59","log":[],"skipped":false,"disabled":false,"pending":false,"success":true,"suite":["RegisterComponent"],"time":20,"executedExpectationsCount":5,"passedExpectations":[{"matcherName":"toHaveBeenCalledWith","message":"Passed.","stack":"","passed":true},{"matcherName":"toHaveBeenCalled","message":"Passed.","stack":"","passed":true},{"matcherName":"toBe","message":"Passed.","stack":"","passed":true},{"matcherName":"toBeNull","message":"Passed.","stack":"","passed":true},{"matcherName":"toContain","message":"Passed.","stack":"","passed":true}],"properties":null},{"fullName":"RegisterComponent should have a password confirmation","description":"should have a password confirmation","id":"spec56","log":[],"skipped":false,"disabled":false,"pending":false,"success":true,"suite":["RegisterComponent"],"time":10,"executedExpectationsCount":14,"passedExpectations":[{"matcherName":"toBe","message":"Passed.","stack":"","passed":true},{"matcherName":"toBe","message":"Passed.","stack":"","passed":true},{"matcherName":"toBe","message":"Passed.","stack":"","passed":true},{"matcherName":"toBe","message":"Passed.","stack":"","passed":true},{"matcherName":"toBe","message":"Passed.","stack":"","passed":true},{"matcherName":"toBe","message":"Passed.","stack":"","passed":true},{"matcherName":"toBe","message":"Passed.","stack":"","passed":true},{"matcherName":"toBe","message":"Passed.","stack":"","passed":true},{"matcherName":"toBeNull","message":"Passed.","stack":"","passed":true},{"matcherName":"toContain","message":"Passed.","stack":"","passed":true},{"matcherName":"toBe","message":"Passed.","stack":"","passed":true},{"matcherName":"toBe","message":"Passed.","stack":"","passed":true},{"matcherName":"toBe","message":"Passed.","stack":"","passed":true},{"matcherName":"toBe","message":"Passed.","stack":"","passed":true}],"properties":null},{"fullName":"RegisterComponent should have a custom validator to check the password match","description":"should have a custom validator to check the password match","id":"spec55","log":[],"skipped":false,"disabled":false,"pending":false,"success":true,"suite":["RegisterComponent"],"time":3,"executedExpectationsCount":2,"passedExpectations":[{"matcherName":"toBe","message":"Passed.","stack":"","passed":true},{"matcherName":"toBe","message":"Passed.","stack":"","passed":true}],"properties":null},{"fullName":"RegisterComponent should call the user service to register","description":"should call the user service to register","id":"spec58","log":[],"skipped":false,"disabled":false,"pending":false,"success":true,"suite":["RegisterComponent"],"time":7,"executedExpectationsCount":2,"passedExpectations":[{"matcherName":"toHaveBeenCalledWith","message":"Passed.","stack":"","passed":true},{"matcherName":"toHaveBeenCalledWith","message":"Passed.","stack":"","passed":true}],"properties":null},{"fullName":"RegisterComponent should have min/max validators to check the year validity","description":"should have min/max validators to check the year validity","id":"spec57","log":[],"skipped":false,"disabled":false,"pending":false,"success":true,"suite":["RegisterComponent"],"time":9,"executedExpectationsCount":9,"passedExpectations":[{"matcherName":"toBe","message":"Passed.","stack":"","passed":true},{"matcherName":"toBeNull","message":"Passed.","stack":"","passed":true},{"matcherName":"toContain","message":"Passed.","stack":"","passed":true},{"matcherName":"toBe","message":"Passed.","stack":"","passed":true},{"matcherName":"toBeNull","message":"Passed.","stack":"","passed":true},{"matcherName":"toContain","message":"Passed.","stack":"","passed":true},{"matcherName":"toBe","message":"Passed.","stack":"","passed":true},{"matcherName":"toBe","message":"Passed.","stack":"","passed":true},{"matcherName":"toBeNull","message":"Passed.","stack":"","passed":true}],"properties":null},{"fullName":"RegisterComponent should call the register method on submit","description":"should call the register method on submit","id":"spec52","log":[],"skipped":false,"disabled":false,"pending":false,"success":true,"suite":["RegisterComponent"],"time":8,"executedExpectationsCount":2,"passedExpectations":[{"matcherName":"toHaveBeenCalled","message":"Passed.","stack":"","passed":true},{"matcherName":"toBe","message":"Passed.","stack":"","passed":true}],"properties":null},{"fullName":"RegisterComponent should expect a login with 3 characters","description":"should expect a login with 3 characters","id":"spec54","log":[],"skipped":false,"disabled":false,"pending":false,"success":true,"suite":["RegisterComponent"],"time":6,"executedExpectationsCount":8,"passedExpectations":[{"matcherName":"toBe","message":"Passed.","stack":"","passed":true},{"matcherName":"toBe","message":"Passed.","stack":"","passed":true},{"matcherName":"toBeUndefined","message":"Passed.","stack":"","passed":true},{"matcherName":"toBe","message":"Passed.","stack":"","passed":true},{"matcherName":"toBeUndefined","message":"Passed.","stack":"","passed":true},{"matcherName":"toBe","message":"Passed.","stack":"","passed":true},{"matcherName":"toBe","message":"Passed.","stack":"","passed":true},{"matcherName":"toBe","message":"Passed.","stack":"","passed":true}],"properties":null},{"fullName":"RegisterComponent should display a form to register","description":"should display a form to register","id":"spec53","log":[],"skipped":false,"disabled":false,"pending":false,"success":true,"suite":["RegisterComponent"],"time":10,"executedExpectationsCount":31,"passedExpectations":[{"matcherName":"toBe","message":"Passed.","stack":"","passed":true},{"matcherName":"toBeNull","message":"Passed.","stack":"","passed":true},{"matcherName":"toBe","message":"Passed.","stack":"","passed":true},{"matcherName":"toBeNull","message":"Passed.","stack":"","passed":true},{"matcherName":"toBe","message":"Passed.","stack":"","passed":true},{"matcherName":"toBeNull","message":"Passed.","stack":"","passed":true},{"matcherName":"toBe","message":"Passed.","stack":"","passed":true},{"matcherName":"toBeNull","message":"Passed.","stack":"","passed":true},{"matcherName":"toBe","message":"Passed.","stack":"","passed":true},{"matcherName":"toBeNull","message":"Passed.","stack":"","passed":true},{"matcherName":"toBe","message":"Passed.","stack":"","passed":true},{"matcherName":"toBeNull","message":"Passed.","stack":"","passed":true},{"matcherName":"toBeNull","message":"Passed.","stack":"","passed":true},{"matcherName":"toBeNull","message":"Passed.","stack":"","passed":true},{"matcherName":"toBe","message":"Passed.","stack":"","passed":true},{"matcherName":"toBeNull","message":"Passed.","stack":"","passed":true},{"matcherName":"toBeNull","message":"Passed.","stack":"","passed":true},{"matcherName":"toBe","message":"Passed.","stack":"","passed":true},{"matcherName":"toBeNull","message":"Passed.","stack":"","passed":true},{"matcherName":"toBeNull","message":"Passed.","stack":"","passed":true},{"matcherName":"toContain","message":"Passed.","stack":"","passed":true},{"matcherName":"toBeNull","message":"Passed.","stack":"","passed":true},{"matcherName":"toBeNull","message":"Passed.","stack":"","passed":true},{"matcherName":"toBe","message":"Passed.","stack":"","passed":true},{"matcherName":"toBe","message":"Passed.","stack":"","passed":true},{"matcherName":"toBeNull","message":"Passed.","stack":"","passed":true},{"matcherName":"toEqual","message":"Passed.","stack":"","passed":true},{"matcherName":"toBe","message":"Passed.","stack":"","passed":true},{"matcherName":"toBe","message":"Passed.","stack":"","passed":true},{"matcherName":"toBe","message":"Passed.","stack":"","passed":true},{"matcherName":"toBe","message":"Passed.","stack":"","passed":true}],"properties":null},{"fullName":"AppComponent should use the menu component","description":"should use the menu component","id":"spec1","log":[],"skipped":false,"disabled":false,"pending":false,"success":true,"suite":["AppComponent"],"time":6,"executedExpectationsCount":1,"passedExpectations":[{"matcherName":"toBeNull","message":"Passed.","stack":"","passed":true}],"properties":null},{"fullName":"AppComponent should have a router outlet","description":"should have a router outlet","id":"spec0","log":[],"skipped":false,"disabled":false,"pending":false,"success":true,"suite":["AppComponent"],"time":4,"executedExpectationsCount":1,"passedExpectations":[{"matcherName":"toBeNull","message":"Passed.","stack":"","passed":true}],"properties":null},{"fullName":"RaceComponent should display a race name and its ponies","description":"should display a race name and its ponies","id":"spec49","log":[],"skipped":false,"disabled":false,"pending":false,"success":true,"suite":["RaceComponent"],"time":7,"executedExpectationsCount":6,"passedExpectations":[{"matcherName":"toBeNull","message":"Passed.","stack":"","passed":true},{"matcherName":"toContain","message":"Passed.","stack":"","passed":true},{"matcherName":"toBeNull","message":"Passed.","stack":"","passed":true},{"matcherName":"toBe","message":"Passed.","stack":"","passed":true},{"matcherName":"toBeNull","message":"Passed.","stack":"","passed":true},{"matcherName":"toBe","message":"Passed.","stack":"","passed":true}],"properties":null},{"fullName":"RaceService should return live positions from websockets","description":"should return live positions from websockets","id":"spec48","log":[],"skipped":false,"disabled":false,"pending":false,"success":true,"suite":["RaceService"],"time":2,"executedExpectationsCount":3,"passedExpectations":[{"matcherName":"toHaveBeenCalledWith","message":"Passed.","stack":"","passed":true},{"matcherName":"toBe","message":"Passed.","stack":"","passed":true},{"matcherName":"toBe","message":"Passed.","stack":"","passed":true}],"properties":null},{"fullName":"RaceService should cancel a bet on a race","description":"should cancel a bet on a race","id":"spec47","log":[],"skipped":false,"disabled":false,"pending":false,"success":true,"suite":["RaceService"],"time":2,"executedExpectationsCount":1,"passedExpectations":[{"matcherName":"toBe","message":"Passed.","stack":"","passed":true}],"properties":null},{"fullName":"RaceService should return an Observable of 3 races","description":"should return an Observable of 3 races","id":"spec44","log":[],"skipped":false,"disabled":false,"pending":false,"success":true,"suite":["RaceService"],"time":2,"executedExpectationsCount":2,"passedExpectations":[{"matcherName":"toBe","message":"Passed.","stack":"","passed":true},{"matcherName":"toEqual","message":"Passed.","stack":"","passed":true}],"properties":null},{"fullName":"RaceService should bet on a race","description":"should bet on a race","id":"spec46","log":[],"skipped":false,"disabled":false,"pending":false,"success":true,"suite":["RaceService"],"time":1,"executedExpectationsCount":2,"passedExpectations":[{"matcherName":"toEqual","message":"Passed.","stack":"","passed":true},{"matcherName":"toBe","message":"Passed.","stack":"","passed":true}],"properties":null},{"fullName":"RaceService should get a race","description":"should get a race","id":"spec45","log":[],"skipped":false,"disabled":false,"pending":false,"success":true,"suite":["RaceService"],"time":1,"executedExpectationsCount":1,"passedExpectations":[{"matcherName":"toBe","message":"Passed.","stack":"","passed":true}],"properties":null}]},"summary":{"success":69,"failed":0,"skipped":0,"error":false,"disconnected":false,"exitCode":0}}